"","Country","Region","Programme","2001","2002","2003","2004","2005","2006","2007","2008","2009","2010","2011","2012","2013","2014","2015","2016","2017","ISO_code"
"1","Afghanistan","EMRO","Pentavalent",NA,NA,NA,NA,NA,NA,NA,NA,16242858.11,11590121.74,8787571.23,8341589.95,5980310.23,6353823.37,4205407.43,4138221.5,NA,"AFG"
"2","Afghanistan","EMRO","Pneumococcal",NA,NA,NA,NA,NA,NA,NA,NA,NA,NA,NA,NA,5723713.03,28046401.18,20537667.08,23668212.5,4860280,"AFG"
"3","Afghanistan","EMRO","DTP",NA,NA,NA,NA,NA,3227945.61,5271887.96,1403799.59,NA,NA,NA,NA,NA,NA,NA,NA,NA,"AFG"
"4","Afghanistan","EMRO","IPV",NA,NA,NA,NA,NA,NA,NA,NA,NA,NA,NA,NA,NA,NA,1424155.23,NA,416700,"AFG"
"5","Albania","EURO","HepB","39000",106889,52028,53093,112158.62,40223.63,NA,NA,NA,NA,NA,NA,NA,NA,NA,NA,NA,"ALB"
"6","Albania","EURO","Hib",NA,NA,NA,NA,NA,NA,NA,0,NA,NA,NA,NA,NA,NA,NA,NA,NA,"ALB"
"7","Albania","EURO","Pentavalent",NA,NA,NA,NA,NA,NA,NA,NA,516314.22,339345.73,357534.96,324555.21,169520.56,NA,NA,NA,NA,"ALB"
"8","Angola","CENTRAL AFRICA","Pentavalent",NA,NA,NA,NA,NA,9955433,4979342.91,9164262.59,11160833.95,8096165.1,4671888.93,3248895.69,2427931.15,465234.57,870975.26,NA,NA,"AGO"
"9","Angola","CENTRAL AFRICA","Pneumococcal",NA,NA,NA,NA,NA,NA,NA,NA,NA,NA,NA,11437450.52,4824927.87,8059273.31,4876003.77,2256509.75,NA,"AGO"
"10","Angola","CENTRAL AFRICA","Rotavirus",NA,NA,NA,NA,NA,NA,NA,NA,NA,NA,NA,NA,NA,4469600.18,1598490.52,1585064.93,NA,"AGO"
"11","Angola","CENTRAL AFRICA","IPV",NA,NA,NA,NA,NA,NA,NA,NA,NA,NA,NA,NA,NA,NA,65001.0000000002,63151.75,NA,"AGO"
"12","Armenia","EURO","HepB","56618.75",81933.25,63642,53728.75,112376.83,39502.44,75675.91,46981.14,NA,NA,NA,NA,NA,NA,NA,NA,NA,"ARM"
"13","Armenia","EURO","Pentavalent",NA,NA,NA,NA,NA,NA,NA,NA,279114.6,408870.4,356589.26,344136.69,301582.36,169556.84,94339.64,NA,NA,"ARM"
"14","Armenia","EURO","Pneumococcal",NA,NA,NA,NA,NA,NA,NA,NA,NA,NA,NA,NA,0,721865.51,35114.56,428183.44,135990,"ARM"
"15","Armenia","EURO","Rotavirus",NA,NA,NA,NA,NA,NA,NA,NA,NA,NA,NA,242314.19,75568.72,94180.43,55210.97,NA,NA,"ARM"
"16","Armenia","EURO","IPV",NA,NA,NA,NA,NA,NA,NA,NA,NA,NA,NA,NA,NA,NA,24734.05,59147.75,NA,"ARM"
"17","Azerbaijan","EURO","HepB","87193",120616,109270,139430,231833.72,176907.62,85212.37,57369.16,NA,NA,NA,NA,NA,NA,NA,NA,NA,"AZE"
"18","Azerbaijan","EURO","Pentavalent",NA,NA,NA,NA,NA,NA,NA,NA,NA,NA,1573422.15,456872.65,1054021.99,572643.94,237581.48,NA,NA,"AZE"
"19","Azerbaijan","EURO","Pneumococcal",NA,NA,NA,NA,NA,NA,NA,NA,NA,NA,NA,NA,295158.66,2773613.12,934207.06,1686627.87,NA,"AZE"
"20","Azerbaijan","EURO","DTP","0",NA,NA,NA,NA,NA,NA,NA,NA,NA,NA,NA,NA,NA,NA,NA,NA,"AZE"
"21","Azerbaijan","EURO","IPV",NA,NA,NA,NA,NA,NA,NA,NA,NA,NA,NA,NA,NA,NA,292013.25,388336.25,201520,"AZE"
"22","Bangladesh","SEARO","HepB",NA,72712,897791,2333440.73,5072935.57,3974913.78,6296518.4,1576154,NA,NA,NA,NA,NA,NA,NA,NA,NA,"BGD"
"23","Bangladesh","SEARO","Measles",NA,NA,NA,NA,NA,NA,NA,NA,NA,NA,NA,1165358.93,2705158.8,1673179.08,1715983.61,1227581.48,NA,"BGD"
"24","Bangladesh","SEARO","Measles-Rubella",NA,NA,NA,NA,NA,NA,NA,NA,NA,NA,NA,NA,35781812.34,NA,NA,NA,NA,"BGD"
"25","Bangladesh","SEARO","Pentavalent",NA,NA,NA,NA,NA,NA,NA,NA,54567698.1,32683022.2,30697252.78,27371318.41,26980299.44,11484941.11,24043713.58,20230150,1041000,"BGD"
"26","Bangladesh","SEARO","Pneumococcal",NA,NA,NA,NA,NA,NA,NA,NA,NA,NA,NA,NA,NA,12078401.08,37174576,45035170.54,15452000,"BGD"
"27","Bangladesh","SEARO","IPV",NA,NA,NA,NA,NA,NA,NA,NA,NA,NA,NA,NA,NA,NA,9660309.85,0,NA,"BGD"
"28","Benin","WEST AFRICA","HepB",NA,313229,320322,227190,99895,NA,NA,NA,NA,NA,NA,NA,NA,NA,NA,NA,NA,"BEN"
"29","Benin","WEST AFRICA","Pentavalent",NA,NA,NA,NA,3148230.54,5024031.3568,5544036.39,3341420.6,4669551.19,3018920.46,2950889.15,2231734.45,2284039.57,1877828.24,832193.53,1035606,NA,"BEN"
"30","Benin","WEST AFRICA","Pneumococcal",NA,NA,NA,NA,NA,NA,NA,NA,NA,NA,5227791.95,9363326.78,8683129.83,7168863.75,4050859.46,6559424,NA,"BEN"
"31","Benin","WEST AFRICA","Yellow Fever",NA,186308,157532,109075,248858.13,700563.3032,237238.9,250225.18,448184.72,429342.94,506927.65,14023.08,561895.78,462273.96,328640.14,503962.7,NA,"BEN"
"32","Benin","WEST AFRICA","IPV",NA,NA,NA,NA,NA,NA,NA,NA,NA,NA,NA,NA,NA,NA,535352.48,456796.5,NA,"BEN"
"33","Bhutan","SEARO","Pentavalent",NA,NA,NA,NA,NA,NA,NA,NA,115877.57,NA,77848.3,116830.09,88477.91,57963,31843.82,NA,NA,"BTN"
"34","Bhutan","SEARO","DTP",NA,NA,80428,61692,67224.33,105127.52,101780.38,100046.27,60142.18,17113.71,10802.13,NA,NA,NA,NA,NA,NA,"BTN"
"35","Bhutan","SEARO","IPV",NA,NA,NA,NA,NA,NA,NA,NA,NA,NA,NA,NA,NA,NA,29399.37,37549,NA,"BTN"
"36","Bolivia","PAHO","Pneumococcal",NA,NA,NA,NA,NA,NA,NA,NA,NA,NA,NA,NA,900363.16,4363539.45,3349436.86,1161503.5,618540,NA
"37","Bolivia","PAHO","Rotavirus",NA,NA,NA,NA,NA,NA,NA,1753183,3262000,2814500,3018500,1192500,NA,NA,NA,NA,NA,NA
"38","Bolivia","PAHO","IPV",NA,NA,NA,NA,NA,NA,NA,NA,NA,NA,NA,NA,NA,NA,255500,977500,571500,NA
"39","Bosnia & Herz","EURO","HepB",NA,NA,70000,25961.79,31218.25,44010.73,53128.54,36796.17,1563.3,NA,NA,NA,NA,NA,NA,NA,NA,NA
"40","Bosnia & Herz","EURO","Hib",NA,NA,NA,NA,NA,NA,415532.04,346675.21,367233.13,358200.25,362400.9,NA,NA,NA,NA,NA,NA,NA
"41","Burkina Faso","WEST AFRICA","Measles",NA,NA,NA,NA,NA,NA,NA,NA,NA,NA,NA,NA,NA,138445.99,309703.86,21752,NA,"BFA"
"42","Burkina Faso","WEST AFRICA","Measles-Rubella",NA,NA,NA,NA,NA,NA,NA,NA,NA,NA,NA,NA,NA,6000964.54,NA,NA,NA,"BFA"
"43","Burkina Faso","WEST AFRICA","Pentavalent",NA,NA,NA,NA,NA,9104667.41,8540710.67,9726532.03,9114936.75,5870486.61,2454235.4,4791387.37,2607836.92,3698262.77,3437104.12,2099532.5,NA,"BFA"
"44","Burkina Faso","WEST AFRICA","Pneumococcal",NA,NA,NA,NA,NA,NA,NA,NA,NA,NA,NA,NA,4787546.34,16001548.29,12540758.41,10461775.25,1322740,"BFA"
"45","Burkina Faso","WEST AFRICA","Rotavirus",NA,NA,NA,NA,NA,NA,NA,NA,NA,NA,NA,NA,2490635.54,9479163.75,7978633.87,8406775,1449050,"BFA"
"46","Burkina Faso","WEST AFRICA","IPV",NA,NA,NA,NA,NA,NA,NA,NA,NA,NA,NA,NA,NA,NA,34823.23,52074.25,NA,"BFA"
"47","Burkina Faso","WEST AFRICA","Meningitis A",NA,NA,NA,NA,NA,NA,NA,NA,NA,NA,NA,NA,NA,NA,NA,NA,534160,"BFA"
"48","Burundi","CENTRAL AFRICA","HepB",NA,NA,NA,460000,NA,NA,NA,NA,NA,NA,NA,NA,NA,NA,NA,NA,NA,"BDI"
"49","Burundi","CENTRAL AFRICA","Measles",NA,NA,NA,NA,NA,NA,NA,NA,NA,NA,NA,69717,101996.55,70786.45,72330.26,116355.2,NA,"BDI"
"50","Burundi","CENTRAL AFRICA","Measles-Rubella",NA,NA,NA,NA,NA,NA,NA,NA,NA,NA,NA,NA,NA,NA,NA,3027951.3,NA,"BDI"
"51","Burundi","CENTRAL AFRICA","Pentavalent",NA,NA,NA,NA,4119050.64,3373032.29,3274400.4,4187285.75,4053810.09,3082674.81,2681224.88,2253169.18,1713864.65,1844640.83,2337125.68,1016442.25,NA,"BDI"
"52","Burundi","CENTRAL AFRICA","Pneumococcal",NA,NA,NA,NA,NA,NA,NA,NA,NA,NA,4351436.67,7136414.98,7302965.61,7177682.97,7808204.34,5526870.45,1348240,"BDI"
"53","Burundi","CENTRAL AFRICA","Rotavirus",NA,NA,NA,NA,NA,NA,NA,NA,NA,NA,NA,NA,154358.45,2064827.21,1648306.54,1467600.66,810983.61,"BDI"
"54","Burundi","CENTRAL AFRICA","DTP",NA,NA,NA,4727593.61,NA,NA,NA,NA,NA,NA,NA,NA,NA,NA,NA,NA,NA,"BDI"
"55","Burundi","CENTRAL AFRICA","IPV",NA,NA,NA,NA,NA,NA,NA,NA,NA,NA,NA,NA,NA,NA,103155.75,676717.5,NA,"BDI"
"56","Cambodia","WPRO","Measles",NA,NA,NA,NA,NA,NA,NA,NA,NA,NA,NA,367463.93,362891.09,167321.8,NA,204988.95,NA,"KHM"
"57","Cambodia","WPRO","Measles-Rubella",NA,NA,NA,NA,NA,NA,NA,NA,NA,NA,NA,NA,3435508.68,NA,NA,NA,NA,"KHM"
"58","Cambodia","WPRO","Pentavalent",NA,NA,NA,NA,NA,NA,NA,NA,NA,4693868.86,3737781.26,3310346.91,2972819.61,1589511.42,1501425.22,2416701,645400,"KHM"
"59","Cambodia","WPRO","Pneumococcal",NA,NA,NA,NA,NA,NA,NA,NA,NA,NA,NA,NA,NA,NA,5808393.33,4437790.15,1695000,"KHM"
"60","Cambodia","WPRO","DTP","134087",147132.11,599871,930298,2068894.13,2284346.8,841994.34,1031829.31,NA,NA,NA,NA,NA,NA,NA,NA,NA,"KHM"
"61","Cambodia","WPRO","IPV",NA,NA,NA,NA,NA,NA,NA,NA,NA,NA,NA,NA,NA,NA,258374.96,784125.25,NA,"KHM"
"62","Cameroun","CENTRAL AFRICA","Measles-Rubella",NA,NA,NA,NA,NA,NA,NA,NA,NA,NA,NA,NA,NA,NA,6504937.85,NA,NA,NA
"63","Cameroun","CENTRAL AFRICA","Pentavalent",NA,NA,NA,NA,NA,NA,NA,4642376.13,5118830.9,6012315.5,5505461.13,5459947.56,2796278.31,3025632.61,3422710.12,2902231.91,NA,NA
"64","Cameroun","CENTRAL AFRICA","Pneumococcal",NA,NA,NA,NA,NA,NA,NA,NA,NA,NA,11094575.74,17335333.13,16312978.52,15432256.86,12387553.77,7672673.25,NA,NA
"65","Cameroun","CENTRAL AFRICA","Rotavirus",NA,NA,NA,NA,NA,NA,NA,NA,NA,NA,NA,NA,NA,3914929.64,2444256.53,3118404.35,NA,NA
"66","Cameroun","CENTRAL AFRICA","DTP",NA,NA,NA,NA,3658317.11,3334982.94,1655685.15,351689.64,NA,NA,NA,NA,NA,NA,NA,NA,NA,NA
"67","Cameroun","CENTRAL AFRICA","Yellow Fever",NA,NA,NA,890133,601877.89,594041,467326.52,254118.16,617638.9,473559.29,711067.04,526964.36,579778.57,202101.76,243992.04,321209.47,NA,NA
"68","Cameroun","CENTRAL AFRICA","IPV",NA,NA,NA,NA,NA,NA,NA,NA,NA,NA,NA,NA,NA,NA,1203374.87,301626.54,NA,NA
"69","CAR","CENTRAL AFRICA","Pentavalent",NA,NA,NA,NA,NA,NA,NA,990332.29,1790026.55,1222066.06,881340.8,764192.97,313825.71,695004.04,353109.36,771480.25,NA,NA
"70","CAR","CENTRAL AFRICA","Pneumococcal",NA,NA,NA,NA,NA,NA,NA,NA,NA,NA,2195893.6,2678350.41,2707734.68,2448199.01,NA,1452307.25,NA,NA
"71","CAR","CENTRAL AFRICA","Rotavirus",NA,NA,NA,NA,NA,NA,NA,NA,NA,NA,NA,NA,NA,NA,-2.91038304567337e-11,0,NA,NA
"72","CAR","CENTRAL AFRICA","Yellow Fever",NA,NA,86324,143836.98,92127.3,90419.17,76380.47,112414.38,171410.86,161531.72,184630.5,114226.35,89431.76,91098.91,118483.76,180745.4,187740.4,NA
"73","CAR","CENTRAL AFRICA","IPV",NA,NA,NA,NA,NA,NA,NA,NA,NA,NA,NA,NA,NA,NA,66459.6,100880.5,NA,NA
"74","CAR","CENTRAL AFRICA","Meningitis A",NA,NA,NA,NA,NA,NA,NA,NA,NA,NA,NA,NA,NA,NA,NA,NA,103302.75,NA
"75","Chad","CENTRAL AFRICA","Pentavalent",NA,NA,NA,NA,NA,NA,NA,2389764.82,4649938.09,3385606.98,2484950.5,3106165.77,1752722.62,3691057.61,3173253.71,3075942.25,NA,"TCD"
"76","Chad","CENTRAL AFRICA","Yellow Fever",NA,NA,NA,218202,117398.61,227252.36,228431.99,258863.15,288878.3,258495.8,495557.84,319669.62,258565.14,633808.14,570908.56,768528.05,NA,"TCD"
"77","Chad","CENTRAL AFRICA","IPV",NA,NA,NA,NA,NA,NA,NA,NA,NA,NA,NA,NA,NA,NA,483997.72,1393786.25,NA,"TCD"
"78","Chad","CENTRAL AFRICA","Meningitis A",NA,NA,NA,NA,NA,NA,NA,NA,NA,NA,NA,NA,NA,NA,NA,NA,517524,"TCD"
"79","China","WPRO","HepB",NA,4390638,4390000,4390638,4390638,4390638,NA,NA,NA,NA,NA,NA,NA,NA,NA,NA,NA,"CHN"
"80","Comoros","SOUTH AFRICA","HepB",NA,NA,31366,15136.74,NA,NA,NA,NA,NA,NA,NA,NA,NA,NA,NA,NA,NA,NA
"81","Comoros","SOUTH AFRICA","Pentavalent",NA,NA,NA,NA,NA,NA,NA,NA,94119.51,181255.41,174364.39,116932.18,125019.32,105258.54,105326.41,53477.82,NA,NA
"82","Comoros","SOUTH AFRICA","DTP",NA,NA,NA,NA,118779.6,105396.71,9814.36,30068.7,NA,NA,NA,NA,NA,NA,NA,NA,NA,NA
"83","Comoros","SOUTH AFRICA","IPV",NA,NA,NA,NA,NA,NA,NA,NA,NA,NA,NA,NA,NA,NA,59878.02,19740.52,NA,NA
"84","Congo","CENTRAL AFRICA","Pentavalent",NA,NA,NA,NA,NA,NA,NA,1298873.35,2313253.47,119067.82,1591790.1,1300367.78,771595.33,538253.98,169519.59,NA,NA,NA
"85","Congo","CENTRAL AFRICA","Pneumococcal",NA,NA,NA,NA,NA,NA,NA,NA,NA,NA,30325.14,2138534.44,2718241.4,1519858.85,1020731.63,NA,NA,NA
"86","Congo","CENTRAL AFRICA","Rotavirus",NA,NA,NA,NA,NA,NA,NA,NA,NA,NA,NA,NA,NA,911896.44,314488.25,285328.61,157016.39,NA
"87","Congo","CENTRAL AFRICA","DTP",NA,NA,NA,NA,NA,NA,580514.73,247307.38,NA,NA,NA,NA,NA,NA,NA,NA,NA,NA
"88","Congo","CENTRAL AFRICA","Yellow Fever",NA,NA,NA,147595,122457.99,113481.39,92545.24,94353.81,159200.47,148172.94,79140.23,106956.43,105447.93,115639.79,53283.45,NA,NA,NA
"89","Congo","CENTRAL AFRICA","IPV",NA,NA,NA,NA,NA,NA,NA,NA,NA,NA,NA,NA,NA,NA,137753.5,14820.74,NA,NA
"90","Congo DRC","CENTRAL AFRICA","Pentavalent",NA,NA,NA,NA,NA,NA,NA,12398297.6,24028871.31,24635535.33,23717324.38,18304256.08,16610319.35,16855535.84,12992584.68,13049082.75,NA,NA
"91","Congo DRC","CENTRAL AFRICA","Pneumococcal",NA,NA,NA,NA,NA,NA,NA,NA,NA,NA,38462873.11,0,30451468.04,55650089.14,57599664.2,24033783.5,9140520,NA
"92","Congo DRC","CENTRAL AFRICA","DTP",NA,NA,NA,NA,NA,NA,8565154.16,1792446.68,NA,NA,NA,NA,NA,NA,NA,NA,NA,NA
"93","Congo DRC","CENTRAL AFRICA","Yellow Fever",NA,NA,117151,2529333,2254342.06,1889267.14,2648961.01,1033443.7,2165839.64,1956212.99,2069089.82,1907520.31,2391095.64,5201726.56,2593822.74,3824536.4,NA,NA
"94","Congo DRC","CENTRAL AFRICA","IPV",NA,NA,NA,NA,NA,NA,NA,NA,NA,NA,NA,NA,NA,NA,3787726.92,4229895.45,NA,NA
"95","Côte d'Ivoire","WEST AFRICA","Pentavalent",NA,NA,NA,NA,NA,NA,NA,3611405.75,6861772.49,5272997.64,4630748.49,4750678.52,1992014.76,3699739.53,3408784.95,1601046.5,NA,"CIV"
"96","Côte d'Ivoire","WEST AFRICA","Pneumococcal",NA,NA,NA,NA,NA,NA,NA,NA,NA,NA,NA,NA,NA,12596837.28,10721223.01,4552574.5,2089880,"CIV"
"97","Côte d'Ivoire","WEST AFRICA","Rotavirus",NA,NA,NA,NA,NA,NA,NA,NA,NA,NA,NA,NA,NA,NA,4971375,NA,NA,"CIV"
"98","Côte d'Ivoire","WEST AFRICA","DTP","757063",857338.8,1487529,1572062,2146770.47,3298752.43,1172248.32,87641.96,NA,NA,NA,NA,NA,NA,NA,NA,NA,"CIV"
"99","Côte d'Ivoire","WEST AFRICA","IPV",NA,NA,NA,NA,NA,NA,NA,NA,NA,NA,NA,NA,NA,NA,524821.82,471800.05,NA,"CIV"
"100","Cuba","PAHO","IPV",NA,NA,NA,NA,NA,NA,NA,NA,NA,NA,NA,NA,NA,NA,274000,356500,304500,"CUB"
"101","Djibouti","EMRO","Pentavalent",NA,NA,NA,NA,NA,NA,162364.49,221201.58,222444.23,241660.59,158588.09,196752.57,112398.89,143923.43,124178.44,89894.73,NA,"DJI"
"102","Djibouti","EMRO","Pneumococcal",NA,NA,NA,NA,NA,NA,NA,NA,NA,NA,NA,667815.68,528645.24,144953.42,544902.69,94312.75,NA,"DJI"
"103","Djibouti","EMRO","Rotavirus",NA,NA,NA,NA,NA,NA,NA,NA,NA,NA,NA,NA,134080.35,NA,106830.78,105932.75,NA,"DJI"
"104","Djibouti","EMRO","IPV",NA,NA,NA,NA,NA,NA,NA,NA,NA,NA,NA,NA,NA,NA,19905.93,28598,NA,"DJI"
"105","Eritrea","EAST AFRICA","Measles",NA,NA,NA,NA,NA,NA,NA,NA,NA,NA,NA,29920.22,65621.59,56993.31,41212.58,58865.45,NA,"ERI"
"106","Eritrea","EAST AFRICA","Pentavalent",NA,NA,NA,NA,NA,NA,NA,919127.72,1394827.92,1131672.03,846169.9,391383.4,577616.63,806334.74,615863.28,437290.25,NA,"ERI"
"107","Eritrea","EAST AFRICA","Pneumococcal",NA,NA,NA,NA,NA,NA,NA,NA,NA,NA,NA,NA,NA,NA,1295185.99,2030034.75,NA,"ERI"
"108","Eritrea","EAST AFRICA","Rotavirus",NA,NA,NA,NA,NA,NA,NA,NA,NA,NA,NA,NA,NA,323097.49,452850.57,558735.3,NA,"ERI"
"109","Eritrea","EAST AFRICA","DTP",NA,383825,360079.62,308362,328156.08,625315.67,306938.41,NA,NA,NA,NA,NA,NA,NA,NA,NA,NA,"ERI"
"110","Eritrea","EAST AFRICA","IPV",NA,NA,NA,NA,NA,NA,NA,NA,NA,NA,NA,NA,NA,NA,8003.25,8100.5,NA,"ERI"
"111","Ethiopia","EAST AFRICA","Pentavalent",NA,NA,NA,NA,NA,NA,38536750.62,34332901.42,34065125.33,17162026.87,17699288.77,22828113.03,21857444.54,9029206.29,14103368.05,16403711.25,NA,"ETH"
"112","Ethiopia","EAST AFRICA","Pneumococcal",NA,NA,NA,NA,NA,NA,NA,NA,NA,NA,38104094.53,69018104.69,62825084.14,30925467.44,53606928.1,44682974.5,4855170,"ETH"
"113","Ethiopia","EAST AFRICA","Rotavirus",NA,NA,NA,NA,NA,NA,NA,NA,NA,NA,NA,NA,4339593.7,16748143.38,12233749.99,12460970.52,3045360.66,"ETH"
"114","Ethiopia","EAST AFRICA","IPV",NA,NA,NA,NA,NA,NA,NA,NA,NA,NA,NA,NA,NA,NA,1045661.82,2730176.45,NA,"ETH"
"115","Gambia","WEST AFRICA","HepB",NA,106475,28000,42928.08,70816.35,94275.39,75815.18,37667.2,NA,NA,NA,NA,NA,NA,NA,NA,NA,NA
"116","Gambia","WEST AFRICA","Hib",NA,410021,NA,NA,NA,NA,NA,NA,NA,NA,NA,NA,NA,NA,NA,NA,NA,NA
"117","Gambia","WEST AFRICA","Measles",NA,NA,NA,NA,NA,NA,NA,NA,NA,NA,NA,35194.87,18194.21,39170.93,30544.16,23037.6,NA,NA
"118","Gambia","WEST AFRICA","Measles-Rubella",NA,NA,NA,NA,NA,NA,NA,NA,NA,NA,NA,NA,NA,NA,629936.75,NA,NA,NA
"119","Gambia","WEST AFRICA","Pentavalent",NA,NA,NA,NA,NA,NA,NA,NA,927012.14,661772.73,533396.69,450056.78,381542.09,694700.02,329443.57,378178.21,NA,NA
"120","Gambia","WEST AFRICA","Pneumococcal",NA,NA,NA,NA,NA,NA,NA,NA,86933.33,22801.01,1234650.81,1753006.61,1636897.33,1666031.3,1255555.09,1211288.77,454260,NA
"121","Gambia","WEST AFRICA","Rotavirus",NA,NA,NA,NA,NA,NA,NA,NA,NA,NA,NA,NA,985883.44,820971.13,903629.61,0,217573.77,NA
"122","Gambia","WEST AFRICA","DTP",NA,144045,572766.18,422330,578348.05,917305,671076.76,369812.35,NA,NA,NA,NA,NA,NA,NA,NA,NA,NA
"123","Gambia","WEST AFRICA","IPV",NA,NA,NA,NA,NA,NA,NA,NA,NA,NA,NA,NA,NA,NA,129961.86,6782.75,NA,NA
"124","Georgia","EURO","HepB",NA,30092.15,12593,8904.48,13014.2,13091.87,35342.34,54878.74,NA,NA,NA,NA,NA,NA,NA,NA,NA,"GEO"
"125","Georgia","EURO","Pentavalent",NA,NA,NA,NA,NA,NA,NA,NA,253557.46,545531.68,470647.59,463422.42,353272.01,84297.02,23621.72,NA,NA,"GEO"
"126","Georgia","EURO","Pneumococcal",NA,NA,NA,NA,NA,NA,NA,NA,NA,NA,NA,NA,NA,684072.24,168906.82,496912.16,103480,"GEO"
"127","Georgia","EURO","Rotavirus",NA,NA,NA,NA,NA,NA,NA,NA,NA,NA,NA,222467.43,108988.12,109169.98,15550.49,NA,NA,"GEO"
"128","Ghana","WEST AFRICA","Measles",NA,NA,NA,NA,NA,NA,NA,NA,NA,NA,NA,432393.42,380098.8,354113.28,123951.37,445633.15,NA,"GHA"
"129","Ghana","WEST AFRICA","Measles-Rubella",NA,NA,NA,NA,NA,NA,NA,NA,NA,NA,NA,NA,7750269.09,NA,NA,NA,NA,"GHA"
"130","Ghana","WEST AFRICA","Pentavalent",NA,8194205,6427898.36,6629619.08,6097621,6213767,6093645.07,11745961.63,11392222.47,8025351.79,2850345.97,5821205.88,5902765.49,1558471.91,7043549.13,1248017.48,NA,"GHA"
"131","Ghana","WEST AFRICA","Pneumococcal",NA,NA,NA,NA,NA,NA,NA,NA,NA,NA,NA,25518217.28,15120364.15,14091407.97,13554017.44,4255703.31,2759520,"GHA"
"132","Ghana","WEST AFRICA","Rotavirus",NA,NA,NA,NA,NA,NA,NA,NA,NA,NA,NA,4638484.53,4838717,4276233.36,2939590.48,3301194.19,1238885.25,"GHA"
"133","Ghana","WEST AFRICA","Yellow Fever","127596",802852,612500,634000,585906.78,581723,520215.92,608043.96,787869.05,332144.23,702726.54,661245.72,344161.94,1409066.75,649455,508484.3,1523078,"GHA"
"134","Ghana","WEST AFRICA","IPV",NA,NA,NA,NA,NA,NA,NA,NA,NA,NA,NA,NA,NA,NA,21538.5,60665,NA,"GHA"
"135","Ghana","WEST AFRICA","Meningitis A",NA,NA,NA,NA,NA,NA,NA,NA,NA,NA,NA,NA,NA,NA,NA,206048.38,731938.75,"GHA"
"136","Guinea","WEST AFRICA","HepB",NA,NA,NA,NA,NA,92618.36,411714.96,160772.82,NA,NA,NA,NA,NA,NA,NA,NA,NA,"GIN"
"137","Guinea","WEST AFRICA","Pentavalent",NA,NA,NA,NA,NA,NA,NA,1164830.17,4887408.82,3729997.69,1734314.95,2818394.68,514094.9,1745431.9,2072401.75,1698554.75,329975,"GIN"
"138","Guinea","WEST AFRICA","Yellow Fever",NA,145496,167453.72,214802,54658.59,281431.14,168983.97,305769.63,240054.64,272936.78,231827.69,293543.1,329729.52,432415.12,244625.36,416446.35,NA,"GIN"
"139","Guinea","WEST AFRICA","IPV",NA,NA,NA,NA,NA,NA,NA,NA,NA,NA,NA,NA,NA,NA,722141.22,NA,NA,"GIN"
"140","Guinea","WEST AFRICA","Ebola EPI Recovery Plan",NA,NA,NA,NA,NA,NA,NA,NA,NA,NA,NA,NA,NA,NA,6050152,NA,NA,"GIN"
"141","Guinea Bissau","WEST AFRICA","Pentavalent",NA,NA,NA,NA,NA,NA,NA,683843.1,410610.83,459538.93,521267.35,344620.04,326556.1,200545.15,323216.84,195920.64,NA,NA
"142","Guinea Bissau","WEST AFRICA","Pneumococcal",NA,NA,NA,NA,NA,NA,NA,NA,NA,NA,NA,NA,NA,763124.91,498254.66,449547.62,295380,NA
"143","Guinea Bissau","WEST AFRICA","Rotavirus",NA,NA,NA,NA,NA,NA,NA,NA,NA,NA,NA,NA,NA,NA,253272.85,169166.17,223901.64,NA
"144","Guinea Bissau","WEST AFRICA","Yellow Fever",NA,NA,NA,NA,NA,NA,NA,55729.52,40186.67,37933.74,36972,49487.33,16503.42,58991.31,64623.94,51159.67,NA,NA
"145","Guinea Bissau","WEST AFRICA","IPV",NA,NA,NA,NA,NA,NA,NA,NA,NA,NA,NA,NA,NA,NA,58264.5,5617,NA,NA
"146","Guyana","PAHO","Pentavalent","307522.55",159919,144048.98,124500,55157,132910.8,NA,NA,NA,NA,NA,NA,NA,NA,NA,NA,NA,"GUY"
"147","Guyana","PAHO","Pneumococcal",NA,NA,NA,NA,NA,NA,NA,NA,NA,55016.69,316155.04,381461.37,223939.41,157671.34,78593.33,27063.88,NA,"GUY"
"148","Guyana","PAHO","Rotavirus",NA,NA,NA,NA,NA,NA,NA,NA,330000,287000,251000,158500,NA,NA,NA,NA,NA,"GUY"
"149","Guyana","PAHO","IPV",NA,NA,NA,NA,NA,NA,NA,NA,NA,NA,NA,NA,NA,NA,20500,56500,36000,"GUY"
"150","Haiti","PAHO","Pentavalent",NA,NA,NA,NA,NA,NA,NA,NA,NA,NA,NA,2150000,2048500,NA,2039000,1295500,1399000,"HTI"
"151","Haiti","PAHO","Pneumococcal",NA,NA,NA,NA,NA,NA,NA,NA,NA,NA,NA,NA,NA,0,NA,NA,NA,"HTI"
"152","Haiti","PAHO","Rotavirus",NA,NA,NA,NA,NA,NA,NA,NA,NA,NA,NA,NA,1655000,NA,1427500,965000,NA,"HTI"
"153","Haiti","PAHO","IPV",NA,NA,NA,NA,NA,NA,NA,NA,NA,NA,NA,NA,NA,NA,93000,545000,812500,"HTI"
"154","Honduras","PAHO","Pneumococcal",NA,NA,NA,NA,NA,NA,NA,NA,NA,798439.56,5270834.37,4151430.09,2912175.6,2009016.34,1178770.77,NA,NA,"HND"
"155","Honduras","PAHO","Rotavirus",NA,NA,NA,NA,NA,NA,NA,3183373,786500,3124500,3098500,908500,768500,NA,NA,NA,NA,"HND"
"156","Honduras","PAHO","HPV",NA,NA,NA,NA,NA,NA,NA,NA,NA,NA,NA,NA,NA,NA,NA,652500,NA,"HND"
"157","Honduras","PAHO","IPV",NA,NA,NA,NA,NA,NA,NA,NA,NA,NA,NA,NA,NA,NA,144000,555500,443000,"HND"
"158","India","SEARO","HepB",NA,1504405.16,3116529.14,NA,4866513.07,2400341.77,9325079.04,NA,5273164.82,NA,NA,NA,NA,NA,NA,NA,NA,"IND"
"159","India","SEARO","Measles-Rubella",NA,NA,NA,NA,NA,NA,NA,NA,NA,NA,NA,NA,NA,NA,NA,NA,28980000,"IND"
"160","India","SEARO","Pentavalent",NA,NA,NA,NA,NA,NA,NA,NA,NA,NA,16280138.21,21629611.75,24423199.35,67516016.44,138913609.5,NA,NA,"IND"
"161","India","SEARO","Pneumococcal",NA,NA,NA,NA,NA,NA,NA,NA,NA,NA,NA,NA,NA,NA,NA,NA,27839600,"IND"
"162","India","SEARO","IPV",NA,NA,NA,NA,NA,NA,NA,NA,NA,NA,NA,NA,NA,NA,6222477.3,10309067.31,NA,"IND"
"163","Indonesia","SEARO","HepB",NA,2510500,3437000,2124000,2444500,2521000,2892000,1582000,NA,NA,NA,NA,NA,NA,NA,NA,NA,"IDN"
"164","Indonesia","SEARO","Pentavalent",NA,NA,NA,NA,NA,NA,NA,NA,NA,NA,NA,NA,6546000,23931500,13843500,NA,NA,"IDN"
"165","Indonesia","SEARO","IPV",NA,NA,NA,NA,NA,NA,NA,NA,NA,NA,NA,NA,NA,NA,NA,4165000,NA,"IDN"
"166","Kenya","EAST AFRICA","Measles-Rubella",NA,NA,NA,NA,NA,NA,NA,NA,NA,NA,NA,NA,NA,NA,13513823.8,NA,NA,"KEN"
"167","Kenya","EAST AFRICA","Pentavalent","3700000",13561465.66,10297723.28,13421553.93,12467386.73,14015682.16,13727258.43,15442698.63,15652780.48,11537752.85,8539889.97,8824610.57,6863055.61,4102511.98,7466674.07,3684045,1748000,"KEN"
"168","Kenya","EAST AFRICA","Pneumococcal",NA,NA,NA,NA,NA,NA,NA,NA,NA,8658360.14,40351059.4,38835642.21,29354262.73,29192799.04,24701710.29,16958103.2,4551590,"KEN"
"169","Kenya","EAST AFRICA","Rotavirus",NA,NA,NA,NA,NA,NA,NA,NA,NA,NA,NA,NA,NA,3569840.45,8565182.16,4697547.69,1913836.07,"KEN"
"170","Kenya","EAST AFRICA","Yellow Fever","4720",28471,25700,15000,17030.2,11420.34,30687.98,14908.34,23899.84,34663.21,55822.63,44675.7,33574.29,33955.32,3476,68112,NA,"KEN"
"171","Kenya","EAST AFRICA","IPV",NA,NA,NA,NA,NA,NA,NA,NA,NA,NA,NA,NA,NA,NA,801607.44,2169516.66,NA,"KEN"
"172","Kiribati","WPRO","Pentavalent",NA,NA,NA,NA,NA,NA,NA,14682.16,25605.97,33796.45,26304.02,18295.4,20731.64,5085.12,8328.1,NA,NA,"KIR"
"173","Kiribati","WPRO","Pneumococcal",NA,NA,NA,NA,NA,NA,NA,NA,NA,NA,NA,0,70261.1,41962.01,28284.01,7711.22,NA,"KIR"
"174","Kiribati","WPRO","IPV",NA,NA,NA,NA,NA,NA,NA,NA,NA,NA,NA,NA,NA,NA,15742.03,6226.71,NA,"KIR"
"175","Korea DPR","SEARO","HepB",NA,NA,210000,698973,665608.73,398919.59,NA,70003.91,NA,NA,NA,NA,NA,NA,NA,NA,NA,NA
"176","Korea DPR","SEARO","Measles",NA,NA,NA,NA,NA,NA,NA,239510.64,191049.35,195699.36,141623.62,214368.58,NA,NA,NA,NA,NA,NA
"177","Korea DPR","SEARO","Pentavalent",NA,NA,NA,NA,NA,NA,NA,NA,NA,NA,NA,1613346,2845491.8,4337723.94,1395549.34,2955334.75,NA,NA
"178","Korea DPR","SEARO","DTP",NA,NA,NA,NA,NA,1446421.86,1628238.09,978302.68,797125.33,653008.78,525806.65,523710.33,NA,NA,NA,NA,NA,NA
"179","Korea DPR","SEARO","IPV",NA,NA,NA,NA,NA,NA,NA,NA,NA,NA,NA,NA,NA,NA,904224.58,22671.75,NA,NA
"180","Kyrgyz Rep","EURO","HepB","282556.87",41729.4567,119162.4567,159102.4567,4118.21,NA,237638.17,118958.91,NA,NA,NA,NA,NA,NA,NA,NA,NA,NA
"181","Kyrgyz Rep","EURO","Hib",NA,NA,NA,NA,NA,NA,0,NA,NA,NA,NA,NA,NA,NA,NA,NA,NA,NA
"182","Kyrgyz Rep","EURO","Pentavalent",NA,NA,NA,NA,NA,NA,NA,NA,1485615.26,1280366.78,1200604.59,999514.35,1151236.49,1312502.51,1017664.21,1022694.87,397120,NA
"183","Kyrgyz Rep","EURO","Pneumococcal",NA,NA,NA,NA,NA,NA,NA,NA,NA,NA,NA,NA,NA,NA,3181612.21,NA,NA,NA
"184","Kyrgyz Rep","EURO","IPV",NA,NA,NA,NA,NA,NA,NA,NA,NA,NA,NA,NA,NA,NA,1987.27,14487,NA,NA
"185","Lao PDR","WPRO","HepB",NA,NA,NA,NA,NA,2570.91,11166.52,13721.19,55396.45,NA,NA,NA,NA,NA,NA,NA,NA,NA
"186","Lao PDR","WPRO","Pentavalent",NA,NA,NA,NA,NA,NA,NA,NA,824219.66,1646895.78,1401826.84,1271076.28,801063.83,1693273.25,286950.39,883429.15,NA,NA
"187","Lao PDR","WPRO","Pneumococcal",NA,NA,NA,NA,NA,NA,NA,NA,NA,NA,NA,NA,541260.49,3435972.93,1674437.03,1647133.91,338000,NA
"188","Lao PDR","WPRO","DTP",NA,303295.53,335214,267665,1522526.03,880960,205558.5,321894.44,NA,NA,NA,NA,NA,NA,NA,NA,NA,NA
"189","Lao PDR","WPRO","IPV",NA,NA,NA,NA,NA,NA,NA,NA,NA,NA,NA,NA,NA,NA,115971.25,402368.5,NA,NA
"190","Lesotho","SOUTH AFRICA","HepB",NA,NA,62109.83,64453.01,54392.51,59588.21,56688.53,15832.16,NA,NA,NA,NA,NA,NA,NA,NA,NA,"LSO"
"191","Lesotho","SOUTH AFRICA","Measles-Rubella",NA,NA,NA,NA,NA,NA,NA,NA,NA,NA,NA,NA,NA,NA,NA,755291.8,NA,"LSO"
"192","Lesotho","SOUTH AFRICA","Pentavalent",NA,NA,NA,NA,NA,NA,NA,346486.61,563304.72,223490.46,247194.75,317125.37,167380.86,352038.92,52556.36,28791.52,NA,"LSO"
"193","Lesotho","SOUTH AFRICA","Pneumococcal",NA,NA,NA,NA,NA,NA,NA,NA,NA,NA,NA,NA,NA,630765.29,76019.32,308295.87,NA,"LSO"
"194","Lesotho","SOUTH AFRICA","Rotavirus",NA,NA,NA,NA,NA,NA,NA,NA,NA,NA,NA,NA,NA,NA,NA,NA,104214,"LSO"
"195","Lesotho","SOUTH AFRICA","IPV",NA,NA,NA,NA,NA,NA,NA,NA,NA,NA,NA,NA,NA,NA,52046.23,90608.25,NA,"LSO"
"196","Liberia","WEST AFRICA","Pentavalent",NA,NA,NA,NA,NA,NA,NA,2097589.92,1866702.43,1379610.24,1402273.15,1139050.58,808123.19,843088.01,680039.59,1092512,NA,"LBR"
"197","Liberia","WEST AFRICA","Pneumococcal",NA,NA,NA,NA,NA,NA,NA,NA,NA,NA,NA,NA,NA,3853034.47,2316374.29,1686690.75,NA,"LBR"
"198","Liberia","WEST AFRICA","Rotavirus",NA,NA,NA,NA,NA,NA,NA,NA,NA,NA,NA,NA,NA,NA,1010941.02,NA,293540.98,"LBR"
"199","Liberia","WEST AFRICA","Yellow Fever","13400",54867,70000,70191.39,52270.6,100507.85,117724.91,101897.59,199378.06,168230.13,89570.67,202313.87,158812.05,204863.4,241782.88,188138.05,176862.8,"LBR"
"200","Liberia","WEST AFRICA","IPV",NA,NA,NA,NA,NA,NA,NA,NA,NA,NA,NA,NA,NA,NA,13409.81,NA,NA,"LBR"
"201","Liberia","WEST AFRICA","Ebola EPI Recovery Plan",NA,NA,NA,NA,NA,NA,NA,NA,NA,NA,NA,NA,NA,NA,2811269,NA,NA,"LBR"
"202","Madagascar","SOUTH AFRICA","Pentavalent",NA,NA,NA,NA,NA,NA,NA,4847422.67,8076769.23,6936842.49,4871945.22,5118598.44,2643685.99,3449131.4,1342009.57,3544052.36,781140,"MDG"
"203","Madagascar","SOUTH AFRICA","Pneumococcal",NA,NA,NA,NA,NA,NA,NA,NA,NA,NA,NA,5550866.92,26138749.24,12064026.18,11572753.01,14692560.78,3353960,"MDG"
"204","Madagascar","SOUTH AFRICA","Rotavirus",NA,NA,NA,NA,NA,NA,NA,NA,NA,NA,NA,NA,NA,5057626.75,2374871.22,4473897.85,1486950.82,"MDG"
"205","Madagascar","SOUTH AFRICA","DTP","828156",2607796,2087004,2749581.59,1847805.06,1827472.72,1209458.47,635424.15,NA,NA,NA,NA,NA,NA,NA,NA,NA,"MDG"
"206","Madagascar","SOUTH AFRICA","IPV",NA,NA,NA,NA,NA,NA,NA,NA,NA,NA,NA,NA,NA,NA,1645060.6,1574526,NA,"MDG"
"207","Malawi","SOUTH AFRICA","Measles",NA,NA,NA,NA,NA,NA,NA,NA,NA,NA,NA,NA,NA,NA,363714.69,305508.55,NA,"MWI"
"208","Malawi","SOUTH AFRICA","Measles-Rubella",NA,NA,NA,NA,NA,NA,NA,NA,NA,NA,NA,NA,NA,NA,NA,NA,6277357.6,"MWI"
"209","Malawi","SOUTH AFRICA","Pentavalent",NA,6605048,5749555,8747384.66,6633790.06,10042082.59,6626702.33,5089220.86,8593403.98,6232531.39,6094535.2,5262708.62,4374215.06,2869671.23,3395550,1991378.93,1114400,"MWI"
"210","Malawi","SOUTH AFRICA","Pneumococcal",NA,NA,NA,NA,NA,NA,NA,NA,NA,NA,4729257.78,16718229.57,14431323.2,8401063.93,12806369.88,6826035.44,3755100,"MWI"
"211","Malawi","SOUTH AFRICA","Rotavirus",NA,NA,NA,NA,NA,NA,NA,NA,NA,NA,NA,2369406.24,3588744.6,2955277.22,1929781.66,2786763.17,1321344.26,"MWI"
"212","Malawi","SOUTH AFRICA","IPV",NA,NA,NA,NA,NA,NA,NA,NA,NA,NA,NA,NA,NA,NA,75039.1000000001,NA,NA,"MWI"
"213","Mali","WEST AFRICA","HepB",NA,NA,433406.9375,534300.028,374174.223,326362.038,21455.55,NA,NA,NA,NA,NA,NA,NA,NA,NA,NA,"MLI"
"214","Mali","WEST AFRICA","Pentavalent",NA,NA,NA,NA,946789.9765,1648991.345,7342273.89,5730722.36,6180863.65,4679435.1,4587669.29,4502223.61,1360075.46,3259350.6,1470958.87,2378683.63,1550000,"MLI"
"215","Mali","WEST AFRICA","Pneumococcal",NA,NA,NA,NA,NA,NA,NA,NA,NA,NA,17743810.51,14502536.67,7470784.13,7289048,15873898.93,9591101.96,3142000,"MLI"
"216","Mali","WEST AFRICA","Rotavirus",NA,NA,NA,NA,NA,NA,NA,NA,NA,NA,NA,NA,1386257.66,3493816.88,3760706.86,5053225,2238050,"MLI"
"217","Mali","WEST AFRICA","Yellow Fever",NA,329320,225000,238390.0385,378307.4205,337927.823,132769.06,441933.53,448342.73,418450.69,515350.96,465485.17,502634.89,828082.68,365760,775151.45,NA,"MLI"
"218","Mali","WEST AFRICA","IPV",NA,NA,NA,NA,NA,NA,NA,NA,NA,NA,NA,NA,NA,NA,316118.53,323036,NA,"MLI"
"219","Mali","WEST AFRICA","Meningitis A",NA,NA,NA,NA,NA,NA,NA,NA,NA,NA,NA,NA,NA,NA,NA,262210.75,NA,"MLI"
"220","Mauritania","WEST AFRICA","HepB",NA,NA,NA,NA,193733.45,169807.39,143228.39,124539.66,NA,NA,NA,NA,NA,NA,NA,NA,NA,"MRT"
"221","Mauritania","WEST AFRICA","Pentavalent",NA,NA,NA,NA,NA,NA,NA,NA,1538791.19,1377820.52,1100957.65,955239.79,1005734.19,648396.08,767673.52,818236.25,NA,"MRT"
"222","Mauritania","WEST AFRICA","Pneumococcal",NA,NA,NA,NA,NA,NA,NA,NA,NA,NA,NA,NA,438760.07,3411786.36,2613624.97,2338889.5,518800,"MRT"
"223","Mauritania","WEST AFRICA","Rotavirus",NA,NA,NA,NA,NA,NA,NA,NA,NA,NA,NA,NA,NA,135725.61,787797.96,715887.81,NA,"MRT"
"224","Mauritania","WEST AFRICA","IPV",NA,NA,NA,NA,NA,NA,NA,NA,NA,NA,NA,NA,NA,NA,117271.8,86635.36,NA,"MRT"
"225","Moldova","EURO","HepB",NA,106981,87579,41738.44,60896.85,73735.64,47702.11,30540.71,NA,NA,NA,NA,NA,NA,NA,NA,NA,NA
"226","Moldova","EURO","Pentavalent",NA,NA,NA,NA,NA,NA,NA,NA,NA,NA,392850.87,283517.16,255758.15,157312.52,91225.67,NA,NA,NA
"227","Moldova","EURO","Pneumococcal",NA,NA,NA,NA,NA,NA,NA,NA,NA,NA,NA,NA,191556.44,692406.61,361513.31,75143,NA,NA
"228","Moldova","EURO","Rotavirus",NA,NA,NA,NA,NA,NA,NA,NA,NA,NA,NA,183489.12,134270.2,70291.86,46313.3,NA,NA,NA
"229","Moldova","EURO","DTP",NA,NA,NA,NA,NA,NA,NA,301161.78,529967.58,460442,NA,NA,NA,NA,NA,NA,NA,NA
"230","Moldova","EURO","IPV",NA,NA,NA,NA,NA,NA,NA,NA,NA,NA,NA,NA,NA,NA,1486.5,4200.5,NA,NA
"231","Mongolia","WPRO","Pentavalent",NA,NA,NA,NA,195779,388649.42,579709.68,616536.79,612526.97,868455.64,678793,466464.89,451110.79,318880.5,42620.16,NA,NA,"MNG"
"232","Mongolia","WPRO","IPV",NA,NA,NA,NA,NA,NA,NA,NA,NA,NA,NA,NA,NA,NA,2812.52,8361.75,NA,"MNG"
"233","Mozambique","SOUTH AFRICA","Measles",NA,NA,NA,NA,NA,NA,NA,NA,NA,NA,NA,NA,NA,NA,680522.1,258038.55,NA,"MOZ"
"234","Mozambique","SOUTH AFRICA","Pentavalent",NA,NA,NA,NA,NA,NA,NA,NA,8457469.94,6801050.69,5343687.86,6108792.36,4906783.73,3831589.3,3898217.78,3625694.75,NA,"MOZ"
"235","Mozambique","SOUTH AFRICA","Pneumococcal",NA,NA,NA,NA,NA,NA,NA,NA,NA,NA,NA,NA,25170792.11,18121375.91,19836339.17,19843455,2136600,"MOZ"
"236","Mozambique","SOUTH AFRICA","Rotavirus",NA,NA,NA,NA,NA,NA,NA,NA,NA,NA,NA,NA,NA,NA,2771652.19,5331130.63,856413.04,"MOZ"
"237","Mozambique","SOUTH AFRICA","DTP","1734000",2974170,2571670,3477276,3640575.8,1291148,1208480.02,NA,NA,NA,NA,NA,NA,NA,NA,NA,NA,"MOZ"
"238","Mozambique","SOUTH AFRICA","IPV",NA,NA,NA,NA,NA,NA,NA,NA,NA,NA,NA,NA,NA,NA,1130411.63,1513317.5,NA,"MOZ"
"239","Myanmar","SEARO","HepB",NA,712378.19,74817.57,2789352.23,3986387.29,2687389.12,736788.29,2099651.02,746846.49,NA,NA,NA,NA,NA,NA,NA,NA,"MMR"
"240","Myanmar","SEARO","Measles",NA,NA,NA,NA,NA,NA,NA,NA,NA,NA,NA,978076.26,524685.41,545370.73,NA,801622.23,NA,"MMR"
"241","Myanmar","SEARO","Measles-Rubella",NA,NA,NA,NA,NA,NA,NA,NA,NA,NA,NA,NA,NA,10808710.73,NA,NA,NA,"MMR"
"242","Myanmar","SEARO","Pentavalent",NA,NA,NA,NA,NA,NA,NA,NA,NA,NA,NA,5555962.79,10369583.13,6320778.58,4489342.25,164935.5,NA,"MMR"
"243","Myanmar","SEARO","Pneumococcal",NA,NA,NA,NA,NA,NA,NA,NA,NA,NA,NA,NA,NA,NA,NA,16871265,NA,"MMR"
"244","Myanmar","SEARO","IPV",NA,NA,NA,NA,NA,NA,NA,NA,NA,NA,NA,NA,NA,NA,461946.76,902082.03,NA,"MMR"
"245","Nepal","SEARO","HepB",NA,651386,1017094.03,202500,NA,NA,NA,NA,NA,NA,NA,NA,NA,NA,NA,NA,NA,"NPL"
"246","Nepal","SEARO","Measles",NA,NA,NA,NA,NA,NA,NA,NA,NA,NA,NA,NA,NA,NA,317593.42,51190.5,NA,"NPL"
"247","Nepal","SEARO","Pentavalent",NA,NA,NA,NA,NA,NA,NA,NA,8431973.97,6503665.34,2834404.91,3688185.53,4309529.9,4320095.05,2910996.5,2382822.9,NA,"NPL"
"248","Nepal","SEARO","Pneumococcal",NA,NA,NA,NA,NA,NA,NA,NA,NA,NA,NA,NA,NA,1507860.71,13515020.5,9351917.35,2239720,"NPL"
"249","Nepal","SEARO","DTP",NA,NA,NA,NA,4106189.32,2391657.53,2192538.18,NA,NA,NA,NA,NA,NA,NA,NA,NA,NA,"NPL"
"250","Nepal","SEARO","IPV",NA,NA,NA,NA,NA,NA,NA,NA,NA,NA,NA,NA,NA,437730.95,2266686.62,27558,NA,"NPL"
"251","Nicaragua","PAHO","Pneumococcal",NA,NA,NA,NA,NA,NA,NA,NA,NA,631324.95,4099230.69,2874766.43,2390308.51,2832168.53,2095700,1041527,943470,"NIC"
"252","Nicaragua","PAHO","Rotavirus",NA,NA,NA,NA,NA,NA,NA,NA,1420000,3021500,2616000,1798500,2225500,NA,472000,330500,NA,"NIC"
"253","Nicaragua","PAHO","IPV",NA,NA,NA,NA,NA,NA,NA,NA,NA,NA,NA,NA,NA,NA,133000,501500,379500,"NIC"
"254","Niger","WEST AFRICA","Pentavalent",NA,NA,NA,NA,NA,NA,NA,5322228.82,6839567.7,7792853.66,5980322.74,5688852.06,2418662.25,3615321.14,2339143.86,2604270.75,1024375,NA
"255","Niger","WEST AFRICA","Pneumococcal",NA,NA,NA,NA,NA,NA,NA,NA,NA,NA,NA,NA,11746637.4,162931.2,18918506.89,12912852.25,NA,NA
"256","Niger","WEST AFRICA","Rotavirus",NA,NA,NA,NA,NA,NA,NA,NA,NA,NA,NA,NA,NA,5409905.87,2881835.83,3176888.33,1251803.28,NA
"257","Niger","WEST AFRICA","Yellow Fever",NA,NA,NA,NA,NA,NA,NA,265918.04,302481.23,247334.19,360603.59,290289.28,667923.73,698590.19,954219.71,1098698,NA,NA
"258","Niger","WEST AFRICA","IPV",NA,NA,NA,NA,NA,NA,NA,NA,NA,NA,NA,NA,NA,NA,535433.61,867182.93,206720,NA
"259","Nigeria","WEST AFRICA","Pentavalent",NA,NA,NA,NA,NA,NA,NA,NA,NA,NA,NA,16745788.55,22354300.37,29188476.94,30430515.42,32650629.5,NA,"NGA"
"260","Nigeria","WEST AFRICA","Pneumococcal",NA,NA,NA,NA,NA,NA,NA,NA,NA,NA,NA,NA,NA,13537254.69,25581749.24,101570378,NA,"NGA"
"261","Nigeria","WEST AFRICA","Yellow Fever",NA,NA,NA,2920759.13,NA,NA,7489537.21,5170980.45,5312536.42,6246617.9,2915601.5,3888031.11,5767729.55,NA,NA,NA,NA,"NGA"
"262","Nigeria","WEST AFRICA","IPV",NA,NA,NA,NA,NA,NA,NA,NA,NA,NA,NA,NA,NA,NA,13715179.18,7650534.69,1717000,"NGA"
"263","Pakistan","EMRO","HepB","250045",4383660,6041659,6578598.36,3937245.72,3762116.33,NA,NA,NA,NA,NA,NA,NA,NA,NA,NA,NA,"PAK"
"264","Pakistan","EMRO","Pentavalent",NA,NA,NA,NA,NA,NA,NA,36391759.31,67275092.85,46280010.33,33635433.66,42599376.44,39426561.79,29887995.11,21516156.05,25691804,10442565.75,"PAK"
"265","Pakistan","EMRO","Pneumococcal",NA,NA,NA,NA,NA,NA,NA,NA,NA,NA,NA,53429493.83,86568763.78,105842554.5,50489640.33,49837580,20453300,"PAK"
"266","Pakistan","EMRO","DTP",NA,NA,NA,NA,NA,11381422.15,20006311.82,NA,NA,NA,NA,NA,NA,NA,NA,NA,NA,"PAK"
"267","Pakistan","EMRO","IPV",NA,NA,NA,NA,NA,NA,NA,NA,NA,NA,NA,NA,NA,NA,4757713.04,1427329.48,795960,"PAK"
"268","Papua NG","WPRO","Measles",NA,NA,NA,NA,NA,NA,NA,NA,NA,NA,NA,NA,NA,NA,10375.75,22408.25,NA,NA
"269","Papua NG","WPRO","Measles-Rubella",NA,NA,NA,NA,NA,NA,NA,NA,NA,NA,NA,NA,NA,NA,2298231.5,NA,NA,NA
"270","Papua NG","WPRO","Pentavalent",NA,NA,NA,NA,NA,NA,NA,NA,2334522.05,1625754.07,1393746.77,1149127.25,1300241.22,1932431.36,949595.56,1159609.5,208503.5,NA
"271","Papua NG","WPRO","Pneumococcal",NA,NA,NA,NA,NA,NA,NA,NA,NA,NA,NA,NA,NA,5244316.86,3853605.35,809494.75,NA,NA
"272","Papua NG","WPRO","DTP",NA,NA,NA,NA,NA,NA,1495077.38,26805.9199999999,NA,NA,NA,NA,NA,NA,NA,NA,NA,NA
"273","Papua NG","WPRO","IPV",NA,NA,NA,NA,NA,NA,NA,NA,NA,NA,NA,NA,NA,NA,184835.99,405609.19,NA,NA
"274","Rwanda","EAST AFRICA","Measles",NA,NA,NA,NA,NA,NA,NA,NA,NA,NA,NA,NA,NA,NA,127225.3,30388.25,NA,"RWA"
"275","Rwanda","EAST AFRICA","Measles-Rubella",NA,NA,NA,NA,NA,NA,NA,NA,NA,NA,NA,NA,3622489.45,NA,NA,NA,NA,"RWA"
"276","Rwanda","EAST AFRICA","Pentavalent",NA,4629000,3864539,4079731,3807810.75,2879647.34,4350404.03,2748632.89,3138981.29,2623208.16,3658812.09,2592298.92,2353573.81,1939360.24,1491590.13,1757898.75,NA,"RWA"
"277","Rwanda","EAST AFRICA","Pneumococcal",NA,NA,NA,NA,NA,NA,NA,NA,535718.49,129281.21,6970533.67,7578186.87,3107875.2,5486779.27,5204072.88,2414926.72,1845800,"RWA"
"278","Rwanda","EAST AFRICA","Rotavirus",NA,NA,NA,NA,NA,NA,NA,NA,NA,NA,NA,6712504.72,6477594.11,5005180.88,2224000,2773000.11,802655.74,"RWA"
"279","Rwanda","EAST AFRICA","HPV",NA,NA,NA,NA,NA,NA,NA,NA,NA,NA,NA,NA,NA,2835794.81,1379751.07,503313.82,NA,"RWA"
"280","Rwanda","EAST AFRICA","IPV",NA,NA,NA,NA,NA,NA,NA,NA,NA,NA,NA,NA,NA,NA,15767.16,33358.25,NA,"RWA"
"281","Sâo Tomé","CENTRAL AFRICA","HepB",NA,NA,9016.91,6000,10728.15,4867.8,1584.7,6856.24,NA,NA,NA,NA,NA,NA,NA,NA,NA,NA
"282","Sâo Tomé","CENTRAL AFRICA","Measles",NA,NA,NA,NA,NA,NA,NA,NA,NA,NA,NA,NA,3544.38,3437.01,1701.07,3209.21,NA,NA
"283","Sâo Tomé","CENTRAL AFRICA","Measles-Rubella",NA,NA,NA,NA,NA,NA,NA,NA,NA,NA,NA,NA,NA,NA,NA,65410.25,NA,NA
"284","Sâo Tomé","CENTRAL AFRICA","Pentavalent",NA,NA,NA,NA,NA,NA,NA,NA,41789.35,75675.45,56082.74,51660.86,50030.54,44624.37,46994.03,30895,NA,NA
"285","Sâo Tomé","CENTRAL AFRICA","Pneumococcal",NA,NA,NA,NA,NA,NA,NA,NA,NA,NA,NA,166711.06,120079.08,119204.56,68203.78,61764.94,NA,NA
"286","Sâo Tomé","CENTRAL AFRICA","Rotavirus",NA,NA,NA,NA,NA,NA,NA,NA,NA,NA,NA,NA,NA,NA,NA,62471.96,NA,NA
"287","Sâo Tomé","CENTRAL AFRICA","Yellow Fever",NA,NA,4670.91,6539,9825.4,5382,3009.73,8501.86,4685.74,5095.71,6104.68,1036.17,6239.55,10488.18,6481.56,2958.74,NA,NA
"288","Sâo Tomé","CENTRAL AFRICA","IPV",NA,NA,NA,NA,NA,NA,NA,NA,NA,NA,NA,NA,NA,NA,7062.01,10893,NA,NA
"289","Senegal","WEST AFRICA","HepB",NA,NA,NA,588742.93,NA,NA,NA,NA,NA,NA,NA,NA,NA,NA,NA,NA,NA,"SEN"
"290","Senegal","WEST AFRICA","Measles",NA,NA,NA,NA,NA,NA,NA,NA,NA,NA,NA,NA,NA,176040.44,135097.07,70481.25,NA,"SEN"
"291","Senegal","WEST AFRICA","Measles-Rubella",NA,NA,NA,NA,NA,NA,NA,NA,NA,NA,NA,NA,4495176.99,NA,NA,NA,NA,"SEN"
"292","Senegal","WEST AFRICA","Pentavalent",NA,NA,NA,NA,4922246.86,3572977.75,4117304.17,5244900.15,4863344.02,4407165.34,3693440.71,3029973.31,2606621.97,1931044.6,1558570.72,1708255.75,NA,"SEN"
"293","Senegal","WEST AFRICA","Pneumococcal",NA,NA,NA,NA,NA,NA,NA,NA,NA,NA,NA,NA,3278252.41,12864853,8090569.98,5766493,809430,"SEN"
"294","Senegal","WEST AFRICA","Rotavirus",NA,NA,NA,NA,NA,NA,NA,NA,NA,NA,NA,NA,NA,523241.27,2802863.11,2096788.8,791491.8,"SEN"
"295","Senegal","WEST AFRICA","IPV",NA,NA,NA,NA,NA,NA,NA,NA,NA,NA,NA,NA,NA,NA,1619536.65,0,NA,"SEN"
"296","Sierra Leone","WEST AFRICA","Measles",NA,NA,NA,NA,NA,NA,NA,NA,NA,NA,NA,NA,NA,NA,56887.88,84107.1,163508.8,"SLE"
"297","Sierra Leone","WEST AFRICA","Pentavalent",NA,NA,NA,NA,NA,NA,2385682.74,2636799.12,2573749.75,1770707.04,1366944.98,1585687.64,1153267.55,1195323.77,1073839.45,1095852.17,NA,"SLE"
"298","Sierra Leone","WEST AFRICA","Pneumococcal",NA,NA,NA,NA,NA,NA,NA,NA,NA,4088152.13,1626259.5,3165972.84,4692576.44,3240313.48,3975346.98,3146457.25,548480,"SLE"
"299","Sierra Leone","WEST AFRICA","Rotavirus",NA,NA,NA,NA,NA,NA,NA,NA,NA,NA,NA,NA,NA,1458459.15,587765.89,1086950.01,477049.18,"SLE"
"300","Sierra Leone","WEST AFRICA","Yellow Fever",NA,NA,125181,207255.63,140259.78,185878.29,197577.88,205889.28,154862.55,180518.38,235664.46,283002.52,92366.47,108932.36,262470.41,239644.75,NA,"SLE"
"301","Sierra Leone","WEST AFRICA","IPV",NA,NA,NA,NA,NA,NA,NA,NA,NA,NA,NA,NA,NA,NA,8410.75,15189,NA,"SLE"
"302","Sierra Leone","WEST AFRICA","Ebola EPI Recovery Plan",NA,NA,NA,NA,NA,NA,NA,NA,NA,NA,NA,NA,NA,NA,4310199,NA,NA,"SLE"
"303","Solomon Isl","WPRO","Measles-Rubella",NA,NA,NA,NA,NA,NA,NA,NA,NA,NA,NA,NA,NA,NA,171887.48,NA,NA,NA
"304","Solomon Isl","WPRO","Pentavalent",NA,NA,NA,NA,NA,NA,NA,108321.62,208098.22,226255.62,158971.52,139700.52,119861.24,78613.39,133057.62,72625.32,NA,NA
"305","Solomon Isl","WPRO","Pneumococcal",NA,NA,NA,NA,NA,NA,NA,NA,NA,NA,NA,NA,NA,NA,239530.96,392332.98,146990,NA
"306","Solomon Isl","WPRO","IPV",NA,NA,NA,NA,NA,NA,NA,NA,NA,NA,NA,NA,NA,NA,15212.01,58150.8,NA,NA
"307","Somalia","EMRO","Pentavalent",NA,NA,NA,NA,NA,NA,NA,NA,NA,NA,NA,NA,2531483.14,2451710.94,1711232.03,2200811.19,NA,"SOM"
"308","Somalia","EMRO","IPV",NA,NA,NA,NA,NA,NA,NA,NA,NA,NA,NA,NA,NA,NA,141237.8,996365,199340,"SOM"
"309","Sri Lanka","SEARO","HepB",NA,NA,382948,471557.75,624315.62,607036.17,401024.53,NA,NA,NA,NA,NA,NA,NA,NA,NA,NA,"LKA"
"310","Sri Lanka","SEARO","Pentavalent",NA,NA,NA,NA,NA,NA,NA,5194787.18,0,4521902.48,3447493.61,2764523.99,2212853.31,309869.99,115489.25,NA,NA,"LKA"
"311","Sri Lanka","SEARO","IPV",NA,NA,NA,NA,NA,NA,NA,NA,NA,NA,NA,NA,NA,NA,1128677.45,52442.75,NA,"LKA"
"312","Sudan South","EMRO","Pentavalent",NA,NA,NA,NA,NA,NA,NA,NA,NA,NA,NA,NA,NA,2408313.73,1974528.7,1818271.75,NA,NA
"313","Sudan South","EMRO","IPV",NA,NA,NA,NA,NA,NA,NA,NA,NA,NA,NA,NA,NA,NA,312826.12,515254.25,133840,NA
"314","Sudan, Republic of","EMRO","HepB",NA,NA,NA,416645,968945.33,618995.12,1022546.67,NA,NA,NA,NA,NA,NA,NA,NA,NA,NA,NA
"315","Sudan, Republic of","EMRO","Pentavalent",NA,NA,NA,NA,NA,NA,NA,15768098.66,12835434.36,11408747.57,11708113.97,9479887.41,6954680.62,8093750.68,8522155.12,7143013.5,NA,NA
"316","Sudan, Republic of","EMRO","Pneumococcal",NA,NA,NA,NA,NA,NA,NA,NA,NA,NA,NA,NA,17399750.41,19447470.3,27053844.42,17057100.86,3450100,NA
"317","Sudan, Republic of","EMRO","Rotavirus",NA,NA,NA,NA,NA,NA,NA,NA,NA,NA,6780543.12,6423217.23,5925408.62,4781334.01,4282613.5399,5520330.43,1367327.87,NA
"318","Sudan, Republic of","EMRO","IPV",NA,NA,NA,NA,NA,NA,NA,NA,NA,NA,NA,NA,NA,NA,2283326.62,NA,NA,NA
"319","Sudan, Republic of","EMRO","Meningitis A",NA,NA,NA,NA,NA,NA,NA,NA,NA,NA,NA,NA,NA,NA,NA,603096.83,NA,NA
"320","Tajikistan","EURO","HepB",NA,135887,133048,304500,317395.74,261438.67,199240.75,106946.96,NA,NA,NA,NA,NA,NA,NA,NA,NA,"TJK"
"321","Tajikistan","EURO","Pentavalent",NA,NA,NA,NA,NA,NA,NA,1103611.55,2113301.42,1808302.82,1827559.7,1912839.87,1819734.22,2373686.23,1863163.91,1667125.75,NA,"TJK"
"322","Tajikistan","EURO","Rotavirus",NA,NA,NA,NA,NA,NA,NA,NA,NA,NA,NA,NA,NA,NA,1669140.4299,1068476.17,838639.34,"TJK"
"323","Tajikistan","EURO","IPV",NA,NA,NA,NA,NA,NA,NA,NA,NA,NA,NA,NA,NA,NA,10081.81,23083.25,NA,"TJK"
"324","Tanzania","EAST AFRICA","Measles",NA,NA,NA,NA,NA,NA,NA,NA,NA,NA,NA,NA,NA,442098.53,157285.25,10271.5,NA,NA
"325","Tanzania","EAST AFRICA","Measles-Rubella",NA,NA,NA,NA,NA,NA,NA,NA,NA,NA,NA,NA,NA,14899227.09,NA,NA,NA,NA
"326","Tanzania","EAST AFRICA","Pentavalent",NA,NA,NA,NA,NA,NA,NA,NA,16939848.79,14891318.42,11837026.45,11993304.48,6146057.56,9897905.87,3730312.43,8995513.75,1537200,NA
"327","Tanzania","EAST AFRICA","Pneumococcal",NA,NA,NA,NA,NA,NA,NA,NA,NA,NA,NA,13445408.71,33116280.34,39665866.94,29218275.29,18161813.17,4949000,NA
"328","Tanzania","EAST AFRICA","Rotavirus",NA,NA,NA,NA,NA,NA,NA,NA,NA,NA,NA,NA,10929698.29,9654506.7,8490074.42,7335780.4,4221262.3,NA
"329","Tanzania","EAST AFRICA","DTP","1728350",5544995,4799321.41,5391414,4622250.11,0,2183678.51,504542.91,NA,NA,NA,NA,NA,NA,NA,NA,NA,NA
"330","Tanzania","EAST AFRICA","IPV",NA,NA,NA,NA,NA,NA,NA,NA,NA,NA,NA,NA,NA,NA,114140.04,54545,NA,NA
"331","Timor-Leste","SEARO","Pentavalent",NA,NA,NA,NA,NA,NA,NA,NA,NA,NA,NA,325485.92,289800.04,67628.38,101392.17,91603.27,NA,"TLS"
"332","Timor-Leste","SEARO","IPV",NA,NA,NA,NA,NA,NA,NA,NA,NA,NA,NA,NA,NA,NA,48029.75,99427.75,NA,"TLS"
"333","Togo","WEST AFRICA","Pentavalent",NA,NA,NA,NA,NA,NA,NA,1608674.57,2984950.89,2430581.54,1586828.78,1832724.09,1042877.37,720016.22,1575383.27,1262303.25,NA,"TGO"
"334","Togo","WEST AFRICA","Pneumococcal",NA,NA,NA,NA,NA,NA,NA,NA,NA,NA,NA,NA,NA,3596070.17,3069781.8,3490578.75,NA,"TGO"
"335","Togo","WEST AFRICA","Rotavirus",NA,NA,NA,NA,NA,NA,NA,NA,NA,NA,NA,NA,NA,1707682.28,772105.66,906099.89,NA,"TGO"
"336","Togo","WEST AFRICA","Yellow Fever",NA,NA,50000,173147,155024.63,138973.42,14096.46,170806.46,196717.26,221224.51,249123.24,252902.87,235650.58,238774.68,336511.31,133149.65,NA,"TGO"
"337","Togo","WEST AFRICA","IPV",NA,NA,NA,NA,NA,NA,NA,NA,NA,NA,NA,NA,NA,NA,15150.25,16473,NA,"TGO"
"338","Turkmenistan","EURO","HepB","111978",182193,118854,94276,270108.21,201207.29,NA,NA,NA,NA,NA,NA,NA,NA,NA,NA,NA,"TKM"
"339","Uganda","EAST AFRICA","Pentavalent",NA,10073074.88,9193224.8,19126015,14475986.8,8501930.41,14570779.14,14140579.35,13533878.42,9531946.58,8012473.52,12527114.57,11049471.57,8076614.51,8704331.25,7069493.5,NA,"UGA"
"340","Uganda","EAST AFRICA","Pneumococcal",NA,NA,NA,NA,NA,NA,NA,NA,NA,NA,NA,NA,9942325.82,15270549.81,26375120.57,29765467.5,NA,"UGA"
"341","Uganda","EAST AFRICA","Rotavirus",NA,NA,NA,NA,NA,NA,NA,NA,NA,NA,NA,NA,NA,NA,NA,NA,1542918.03,"UGA"
"342","Uganda","EAST AFRICA","HPV",NA,NA,NA,NA,NA,NA,NA,NA,NA,NA,NA,NA,NA,NA,3731040.3,6467780.45,3266600,"UGA"
"343","Uganda","EAST AFRICA","IPV",NA,NA,NA,NA,NA,NA,NA,NA,NA,NA,NA,NA,NA,NA,2178009.94,111062.25,NA,"UGA"
"344","Ukraine","EURO","HepB",NA,NA,995984.42,337117.32,442521.38,393817.07,282173.44,253393.17,NA,NA,NA,NA,NA,NA,NA,NA,NA,"UKR"
"345","Uzbekistan","EURO","HepB","574015",963452,565691.6,438123.2,642389.19,713912.76,461075.48,NA,NA,NA,NA,NA,NA,NA,NA,NA,NA,"UZB"
"346","Uzbekistan","EURO","Pentavalent",NA,NA,NA,NA,NA,NA,NA,NA,7047713.6,7850596.31,4442926.56,3345914.65,2531003.1,2743404.68,2033029.9,1530343.53,497125,"UZB"
"347","Uzbekistan","EURO","Pneumococcal",NA,NA,NA,NA,NA,NA,NA,NA,NA,NA,NA,NA,NA,NA,8286967.08,4809141.75,4696970,"UZB"
"348","Uzbekistan","EURO","Rotavirus",NA,NA,NA,NA,NA,NA,NA,NA,NA,NA,NA,NA,NA,2324845.18,2111784.79,1521313.55,1129344.26,"UZB"
"349","Uzbekistan","EURO","IPV",NA,NA,NA,NA,NA,NA,NA,NA,NA,NA,NA,NA,NA,NA,34153.83,49124.8,NA,"UZB"
"350","Vietnam","WPRO","HepB",NA,2327057.08,2667414.7,1930637,1448230.68,1674998.88,553880.02,NA,NA,NA,NA,NA,NA,NA,NA,NA,NA,NA
"351","Vietnam","WPRO","Measles",NA,NA,NA,NA,NA,NA,762000,628500,654000,622000,707000,NA,NA,NA,NA,NA,NA,NA
"352","Vietnam","WPRO","Measles-Rubella",NA,NA,NA,NA,NA,NA,NA,NA,NA,NA,NA,NA,0,16379605.2,NA,NA,NA,NA
"353","Vietnam","WPRO","Pentavalent",NA,NA,NA,NA,NA,NA,NA,NA,0,17917588.6,14837090.6,12651774.68,11375767.01,10450936.13,11122341.42,8343596.32,3600000,NA
"354","Vietnam","WPRO","IPV",NA,NA,NA,NA,NA,NA,NA,NA,NA,NA,NA,NA,NA,NA,19112.25,73274.75,NA,NA
"355","Yemen","EMRO","Measles-Rubella",NA,NA,NA,NA,NA,NA,NA,NA,NA,NA,NA,NA,NA,8313136.28,NA,NA,NA,"YEM"
"356","Yemen","EMRO","Pentavalent",NA,NA,NA,NA,9976623.19,7723057.17,5519799.94,6579236.9,5589815.35,5553215.65,7429041.61,5045497.62,4330196.82,5957367.02,3269993.09,3864636.25,1200025,"YEM"
"357","Yemen","EMRO","Pneumococcal",NA,NA,NA,NA,NA,NA,NA,NA,NA,7014763.92,14693594.27,17776638.13,17853300.72,11112268.75,7758301.74,6231894.46,2748200,"YEM"
"358","Yemen","EMRO","Rotavirus",NA,NA,NA,NA,NA,NA,NA,NA,NA,NA,NA,3317377.27,4301693.72,4325461.42,2678622.8499,1594836.38,1131836.07,"YEM"
"359","Yemen","EMRO","IPV",NA,NA,NA,NA,NA,NA,NA,NA,NA,NA,NA,NA,NA,379899.49,1363091.4,NA,534760,"YEM"
"360","Zambia","SOUTH AFRICA","Measles",NA,NA,NA,NA,NA,NA,NA,NA,NA,NA,NA,149877.55,282085.21,183055.62,NA,NA,NA,"ZMB"
"361","Zambia","SOUTH AFRICA","Measles-Rubella",NA,NA,NA,NA,NA,NA,NA,NA,NA,NA,NA,NA,NA,NA,NA,5704977.35,NA,"ZMB"
"362","Zambia","SOUTH AFRICA","Pentavalent",NA,NA,NA,NA,8212199.39,4620860.14,4936552.43,6129862.47,5003272.04,5500720.51,5736923.69,4852541.04,4662311.93,1882942.35,4592166.74,3308547.44,NA,"ZMB"
"363","Zambia","SOUTH AFRICA","Pneumococcal",NA,NA,NA,NA,NA,NA,NA,NA,NA,NA,NA,4034667.58,9545872.65,5436110.09,9392121.37,4436278.79,1796150,"ZMB"
"364","Zambia","SOUTH AFRICA","Rotavirus",NA,NA,NA,NA,NA,NA,NA,NA,NA,NA,NA,NA,883497.06,3131400.44,3231556.74,1797560.96,1490196.72,"ZMB"
"365","Zambia","SOUTH AFRICA","DTP",NA,NA,NA,8878028,NA,NA,NA,NA,NA,NA,NA,NA,NA,NA,NA,NA,NA,"ZMB"
"366","Zambia","SOUTH AFRICA","IPV",NA,NA,NA,NA,NA,NA,NA,NA,NA,NA,NA,NA,NA,NA,7806.2,50268.5,NA,"ZMB"
"367","Zimbabwe","SOUTH AFRICA","Measles",NA,NA,NA,NA,NA,NA,NA,NA,NA,NA,NA,NA,NA,NA,22143.75,42218,NA,"ZWE"
"368","Zimbabwe","SOUTH AFRICA","Measles-Rubella",NA,NA,NA,NA,NA,NA,NA,NA,NA,NA,NA,NA,NA,NA,3785235.12,NA,NA,"ZWE"
"369","Zimbabwe","SOUTH AFRICA","Pentavalent",NA,NA,NA,NA,NA,NA,NA,5867177.88,4001164.33,3446831.97,2952018.24,2505031.92,2700639.76,3170988.89,1811358.85,1127603.7,NA,"ZWE"
"370","Zimbabwe","SOUTH AFRICA","Pneumococcal",NA,NA,NA,NA,NA,NA,NA,NA,NA,NA,NA,5207805.94,9480134.94,7079368.7,7375685.1,5036338.93,2112500,"ZWE"
"371","Zimbabwe","SOUTH AFRICA","Rotavirus",NA,NA,NA,NA,NA,NA,NA,NA,NA,NA,NA,NA,191772.35,2384706.64,1629215.39,1846350.45,1058295.08,"ZWE"
"372","Zimbabwe","SOUTH AFRICA","IPV",NA,NA,NA,NA,NA,NA,NA,NA,NA,NA,NA,NA,NA,NA,18992,34790.5,NA,"ZWE"
